observed_at_utc,monitor_elapsed_seconds,phase,host_swap_in_mib_s,host_swap_out_mib_s,host_swap_used_mib,app_cpu_pct,app_ps_rss_mib,sidecar_cpu_pct,sidecar_ps_rss_mib,host_process_count
2026-09-06T01:46:26.262782+00:00,0.0,pre-run,,,20067.69,0.0,14.65625,,,1034
2026-09-06T01:46:31.209665+00:00,5.005385,pre-run,11.119274,18.405176,20071.81,0.0,14.625,,,1039
2026-09-06T01:46:36.224549+00:00,10.010988,pre-run,8.649682,5.356498,20074.62,0.0,14.375,,,1035
2026-09-06T01:46:41.233323+00:00,15.012945,pre-run,14.84419,23.090962,20094.12,0.0,14.515625,,,1040
2026-09-06T01:46:46.228133+00:00,20.015197,pre-run,9.130263,8.97096,20099.0,0.0,14.46875,,,1035
2026-09-06T01:46:51.235044+00:00,25.020499,pre-run,4.963487,0.0,20091.0,0.0,14.421875,,,1037
2026-09-06T01:46:56.221685+00:00,30.020993,pre-run,9.286583,0.0,20035.0,0.0,14.53125,,,1028
2026-09-06T01:47:01.255714+00:00,35.026549,pre-run,3.305702,12.011653,20095.12,0.0,14.40625,,,1031
2026-09-06T01:47:06.227593+00:00,40.028504,pre-run,3.501756,0.262397,20072.44,0.0,14.515625,,,1029
2026-09-06T01:47:11.267010+00:00,45.034726,pre-run,3.139843,4.407016,20086.5,0.0,14.53125,,,1027
2026-09-06T01:47:16.248381+00:00,50.038893,pre-run,23.274354,12.976686,19999.44,0.0,14.265625,,,1026
2026-09-06T01:47:21.262857+00:00,55.039895,pre-run,50.480508,42.703942,19965.0,0.0,13.53125,,,1028
2026-09-06T01:47:26.265080+00:00,60.04299,pre-run,4.846999,0.0,19957.0,0.0,13.8125,,,1027
2026-09-06T01:47:31.268478+00:00,65.046487,pre-run,19.973533,37.261443,20031.44,0.0,13.046875,,,1027
2026-09-06T01:47:36.271668+00:00,70.052456,pre-run,9.585432,9.775829,20032.38,0.0,13.046875,,,1027
2026-09-06T01:47:41.288967+00:00,75.058317,pre-run,10.088174,12.148259,20029.19,0.0,13.296875,,,1027
2026-09-06T01:47:46.287172+00:00,80.059696,pre-run,5.651566,8.997518,20050.19,0.0,13.0625,,,1027
2026-09-06T01:47:51.274795+00:00,85.063995,pre-run,7.512291,0.0,20034.19,0.0,13.296875,,,1027
2026-09-06T01:47:56.297895+00:00,90.069812,pre-run,4.891185,0.0,20002.19,0.0,13.3125,,,1027
2026-09-06T01:48:01.299101+00:00,95.07446,pre-run,3.768372,0.0,19978.19,0.0,12.890625,,,1027
2026-09-06T01:48:06.293738+00:00,100.080178,pre-run,7.491432,0.0,19946.19,0.0,12.890625,,,1027
2026-09-06T01:48:11.321560+00:00,105.085863,pre-run,2.597047,1.223609,19936.31,0.0,13.140625,,,1028
2026-09-06T01:48:16.297618+00:00,110.087506,pre-run,3.780008,0.0,19928.31,0.0,12.875,,,1027
2026-09-06T01:48:21.318103+00:00,115.094144,pre-run,5.308577,18.562853,19998.06,0.0,12.875,,,1027
2026-09-06T01:48:26.301416+00:00,120.099291,pre-run,5.088512,4.170707,19986.12,0.0,13.0,,,1026
2026-09-06T01:48:31.319576+00:00,125.105085,pre-run,13.933854,6.192824,19953.12,14.6,44.125,,,1028
2026-09-06T01:48:36.333025+00:00,130.11058,pre-run,13.890984,14.072035,19943.56,0.0,55.359375,,,1029
2026-09-06T01:48:41.324999+00:00,135.116147,pre-run,2.487855,0.0,19927.56,0.0,39.421875,,,1030
2026-09-06T01:48:46.347346+00:00,140.122366,pre-run,9.063725,10.661737,19940.94,0.0,33.640625,,,1030
2026-09-06T01:48:51.331084+00:00,145.127676,interaction,6.633581,0.0,19924.94,0.0,37.5625,,,1030
2026-09-06T01:48:56.344739+00:00,150.133329,interaction,8.159524,19.52792,19958.69,0.0,31.5625,,,1030
2026-09-06T01:49:01.353331+00:00,155.136865,interaction,9.299673,18.724257,20004.38,24.1,67.609375,,,1030
2026-09-06T01:49:06.379484+00:00,160.142363,backend,12.64235,26.083821,20078.94,8.7,71.078125,61.3,175.15625,1031
2026-09-06T01:49:11.562954+00:00,165.229333,backend,25.156183,442.331093,22211.25,0.4,30.578125,70.6,381.859375,1030
2026-09-06T01:49:17.311677+00:00,170.551803,backend,157.416332,991.691773,26678.62,0.7,8.3125,84.3,36.1875,1026
2026-09-06T01:49:21.764032+00:00,175.559693,backend,185.407436,455.655998,28041.56,3.7,28.65625,1.1,83.375,1023
2026-09-06T01:49:26.780513+00:00,180.561606,backend,394.664636,474.855832,28423.25,0.0,36.359375,19.8,32.921875,1019
2026-09-06T01:49:31.824724+00:00,185.563176,backend,305.591534,362.86105,28736.12,3.2,37.078125,24.9,28.859375,1014
2026-09-06T01:49:36.776068+00:00,190.568353,backend,337.987551,212.192797,28083.44,0.2,38.5,24.7,53.359375,1012
2026-09-06T01:49:41.884912+00:00,195.575595,backend,474.210025,444.668438,25247.12,0.0,22.546875,16.8,30.171875,1013
2026-09-06T01:49:46.839392+00:00,200.579106,backend,347.655902,501.013851,26027.12,4.3,37.421875,14.8,19.875,1016
2026-09-06T01:49:51.791664+00:00,205.582682,backend,219.308768,209.600087,25976.0,0.0,33.125,11.4,26.546875,1010
2026-09-06T01:49:56.882348+00:00,210.590409,backend,460.600688,582.013057,26600.44,6.9,37.703125,16.5,27.078125,1011
2026-09-06T01:50:01.816126+00:00,215.593642,backend,262.32723,191.263811,26218.19,0.4,38.0,19.8,16.265625,1003
2026-09-06T01:50:06.798789+00:00,220.59474,backend,254.865934,183.672185,25858.62,0.0,34.28125,44.8,27.328125,998
2026-09-06T01:50:11.825781+00:00,225.618054,backend,246.208191,249.424444,25855.44,3.5,37.09375,14.2,34.484375,992
2026-09-06T01:50:16.896346+00:00,230.626096,backend,360.660575,450.650219,26305.25,0.4,33.421875,13.9,24.21875,988
2026-09-06T01:50:21.847728+00:00,235.63402,backend,286.093491,274.664727,26232.69,0.0,32.65625,22.2,27.140625,983
2026-09-06T01:50:26.865734+00:00,240.640176,backend,322.203303,380.53149,26561.44,1.4,32.59375,12.2,27.03125,977
2026-09-06T01:50:31.862517+00:00,245.640776,backend,285.696966,201.263348,26119.88,0.1,32.328125,20.5,37.25,972
2026-09-06T01:50:36.864933+00:00,250.651383,backend,188.846257,273.940737,26565.94,7.3,37.0,1.5,40.265625,968
2026-09-06T01:50:41.880667+00:00,255.665957,backend,293.871512,485.684267,27490.12,1.6,19.359375,12.6,19.21875,964
2026-09-06T01:50:46.884092+00:00,260.672546,backend,245.492124,222.456854,27410.06,0.0,36.125,24.9,33.109375,959
2026-09-06T01:50:51.887833+00:00,265.681418,backend,241.939453,216.565726,27272.44,7.0,36.28125,14.1,44.375,954
2026-09-06T01:50:56.926493+00:00,270.699605,backend,342.737721,476.217833,27932.5,0.4,31.734375,16.0,33.234375,953
2026-09-06T01:51:01.921254+00:00,275.705673,backend,263.271139,290.622323,28068.69,0.0,33.125,17.0,28.921875,951
2026-09-06T01:51:06.962238+00:00,280.711974,backend,299.347712,208.562135,27590.81,0.1,34.421875,25.0,50.734375,944
2026-09-06T01:51:11.955193+00:00,285.71998,backend,196.267005,336.636009,28300.69,5.0,36.578125,17.6,36.140625,940
2026-09-06T01:51:16.966369+00:00,290.748187,backend,176.55708,369.105196,29243.62,0.0,36.484375,1.2,30.5,937
2026-09-06T01:51:22.364399+00:00,295.799716,backend,447.429502,471.86208,29388.81,11.4,38.109375,21.7,27.671875,940
2026-09-06T01:51:27.118347+00:00,300.813049,backend,388.055848,563.709332,30260.25,1.4,31.046875,14.6,20.671875,936
2026-09-06T01:51:32.066172+00:00,305.821295,backend,411.823931,282.883459,29594.12,0.2,32.703125,26.7,7.96875,938
2026-09-06T01:51:37.060566+00:00,310.824194,backend,259.846236,267.382492,29629.88,6.2,37.234375,13.0,31.875,933
2026-09-06T01:51:42.072693+00:00,315.831126,backend,233.754027,157.381791,29249.81,0.2,32.640625,58.9,34.5625,933
2026-09-06T01:51:47.070615+00:00,320.834548,backend,237.865362,249.316901,26638.5,0.0,32.046875,8.2,39.328125,932
2026-09-06T01:51:52.044217+00:00,325.835965,backend,249.423074,279.820711,26770.0,1.1,36.921875,9.7,25.765625,938
2026-09-06T01:51:57.062643+00:00,330.838702,backend,450.281648,495.291386,27003.69,0.0,32.40625,8.5,19.75,939
2026-09-06T01:52:02.068143+00:00,335.840125,backend,297.927668,287.080756,26951.38,0.0,37.078125,11.5,27.140625,938
2026-09-06T01:52:07.055796+00:00,340.845656,backend,253.697512,339.199814,27378.0,0.6,37.09375,13.3,29.484375,939
2026-09-06T01:52:12.229450+00:00,345.854829,backend,352.331682,129.49678,24649.0,0.0,37.0,23.8,41.640625,939
2026-09-06T01:52:17.066277+00:00,350.855454,backend,354.312023,386.170546,24833.0,2.0,37.09375,14.2,33.890625,937
2026-09-06T01:52:22.114353+00:00,355.872811,backend,271.940359,478.202464,25858.0,0.0,30.984375,63.1,36.59375,934
2026-09-06T01:52:27.087638+00:00,360.876786,backend,277.863448,253.485955,25718.44,7.5,36.5625,24.7,39.609375,925
2026-09-06T01:52:32.161963+00:00,365.897325,backend,343.218242,430.232676,26174.25,0.5,38.75,19.7,31.734375,925
2026-09-06T01:52:37.194460+00:00,370.901037,backend,219.599473,297.741462,26569.94,0.0,32.625,12.4,27.125,928
2026-09-06T01:52:42.121656+00:00,375.906584,backend,345.229505,183.668115,24511.12,4.3,37.546875,17.4,32.875,930
2026-09-06T01:52:47.136912+00:00,380.909792,backend,423.871804,495.419651,24864.56,0.3,33.078125,16.4,29.484375,934
2026-09-06T01:52:52.173073+00:00,385.924583,backend,332.634728,534.543677,25863.94,0.0,33.109375,18.4,22.59375,931
2026-09-06T01:52:57.207842+00:00,390.928052,backend,304.360732,319.353457,25981.44,2.8,37.328125,26.0,35.234375,928
2026-09-06T01:53:02.136487+00:00,395.932797,backend,226.528784,200.921834,25826.81,0.2,34.15625,11.9,30.15625,924
2026-09-06T01:53:07.313162+00:00,400.951555,backend,440.777651,566.325402,26441.25,0.0,22.359375,9.6,17.078125,925
2026-09-06T01:53:12.171491+00:00,405.9566,backend,327.644388,302.095168,26322.94,9.7,42.0,17.6,28.109375,926
2026-09-06T01:53:17.237384+00:00,410.979485,backend,300.624039,337.90341,26514.06,0.2,38.734375,14.5,26.078125,944
2026-09-06T01:53:22.220738+00:00,415.985178,backend,342.968862,227.946704,24597.12,1.9,41.390625,14.5,34.9375,947
2026-09-06T01:53:27.262774+00:00,420.990949,backend,318.710299,399.835422,24989.5,0.2,41.484375,17.2,35.71875,943
2026-09-06T01:53:32.265891+00:00,426.007625,backend,241.503895,456.489984,26047.12,0.0,21.71875,11.7,10.328125,948
2026-09-06T01:53:37.244266+00:00,431.015602,backend,309.509318,313.799349,26097.12,7.1,38.71875,16.2,32.109375,955
2026-09-06T01:53:42.254542+00:00,436.019089,backend,327.768298,264.253216,25770.94,0.4,24.71875,29.5,27.84375,952
2026-09-06T01:53:47.228713+00:00,441.024551,backend,225.038554,245.769034,25867.44,4.2,37.921875,14.6,36.015625,950
2026-09-06T01:53:52.273577+00:00,446.032975,backend,318.192043,380.284307,26177.81,0.6,38.578125,16.9,36.109375,944
2026-09-06T01:53:57.258063+00:00,451.041954,backend,282.377289,303.180556,26256.12,0.0,25.765625,13.9,28.265625,945
2026-09-06T01:54:02.257424+00:00,456.042941,backend,273.383484,195.273917,25864.56,3.5,37.578125,16.6,36.203125,937
2026-09-06T01:54:07.289735+00:00,461.054374,backend,259.207318,433.359117,26755.62,0.2,32.640625,21.6,35.9375,951
2026-09-06T01:54:12.303846+00:00,466.072057,backend,402.657196,472.242348,27091.38,0.0,20.125,11.5,10.453125,951
2026-09-06T01:54:17.332930+00:00,471.07634,backend,394.749374,594.896686,28085.31,2.1,34.75,23.8,31.859375,952
2026-09-06T01:54:22.424724+00:00,476.140229,backend,224.466202,228.591614,28122.62,0.0,32.953125,5.4,34.8125,952
2026-09-06T01:54:27.350980+00:00,481.141703,backend,266.799477,132.273508,27436.69,4.7,37.640625,48.9,44.75,952
2026-09-06T01:54:32.367349+00:00,486.148838,backend,291.705597,307.298969,27514.75,1.4,38.359375,9.5,38.875,952
2026-09-06T01:54:37.357784+00:00,491.158301,backend,280.562734,322.517701,27730.31,0.0,36.125,12.2,32.109375,951
2026-09-06T01:54:42.395504+00:00,496.162836,backend,363.189337,448.405796,28148.81,3.9,39.8125,22.8,29.734375,951
2026-09-06T01:54:47.406293+00:00,501.164544,backend,293.062431,378.133383,28572.44,0.1,33.5625,14.7,27.96875,956
2026-09-06T01:54:52.383058+00:00,506.170466,backend,248.920807,197.428669,28319.44,0.0,38.609375,19.3,50.0,954
2026-09-06T01:54:57.395060+00:00,511.173005,backend,355.025947,290.730475,24745.5,0.6,34.640625,16.7,35.5,958
2026-09-06T01:55:02.397998+00:00,516.176771,backend,360.403541,571.26347,25787.88,0.0,32.53125,12.0,24.921875,971
2026-09-06T01:55:07.414490+00:00,521.184512,backend,179.431569,143.696271,25609.06,1.8,37.765625,1.3,21.296875,963
2026-09-06T01:55:12.403899+00:00,526.191931,backend,346.239415,390.570517,25812.62,0.1,35.09375,17.0,35.0625,962
2026-09-06T01:55:17.420486+00:00,531.200104,backend,209.223607,130.998357,25436.69,0.0,35.625,25.9,50.578125,963
2026-09-06T01:55:22.420552+00:00,536.209263,backend,299.978649,422.026966,26022.88,4.3,37.203125,15.2,40.671875,974
2026-09-06T01:55:27.459707+00:00,541.226958,backend,269.057153,279.162015,26087.12,0.0,31.984375,17.6,31.453125,967
2026-09-06T01:55:32.474299+00:00,546.231834,backend,306.841403,355.915423,26332.25,5.6,37.765625,18.2,31.390625,971
2026-09-06T01:55:37.445490+00:00,551.237586,backend,279.075833,175.573025,24545.38,0.2,28.03125,19.4,36.9375,968
2026-09-06T01:55:42.560178+00:00,556.246504,backend,302.993932,534.059911,25717.19,0.0,33.515625,16.4,36.65625,969
2026-09-06T01:55:47.487650+00:00,561.25565,backend,367.371803,524.116356,26515.75,0.7,37.453125,20.2,38.796875,965
2026-09-06T01:55:52.471816+00:00,566.261854,backend,240.264354,232.573897,26456.06,0.0,32.140625,32.2,35.3125,965
2026-09-06T01:55:57.493205+00:00,571.269121,backend,183.448991,149.158206,26263.44,5.2,36.71875,10.3,35.953125,965
2026-09-06T01:56:02.487245+00:00,576.273659,backend,369.29297,502.331605,26948.5,0.0,35.171875,17.4,30.796875,971
2026-09-06T01:56:07.496572+00:00,581.27991,backend,325.474372,352.52181,27097.69,8.4,38.078125,20.6,31.3125,970
2026-09-06T01:56:12.498277+00:00,586.285276,backend,191.010632,169.992564,26987.88,0.2,38.140625,11.1,30.25,970
2026-09-06T01:56:17.516377+00:00,591.294613,backend,279.075694,371.206762,27436.0,0.0,29.03125,16.7,27.421875,970
2026-09-06T01:56:22.507816+00:00,596.299015,backend,374.105072,144.029469,24333.88,2.6,37.59375,17.0,37.875,970
2026-09-06T01:56:27.732126+00:00,601.360327,backend,444.860559,712.787626,25679.31,0.0,27.46875,34.9,22.046875,968
2026-09-06T01:56:32.613289+00:00,606.363367,backend,404.557134,355.308954,25413.62,11.9,37.453125,22.9,38.703125,965
2026-09-06T01:56:37.640442+00:00,611.3686,backend,369.969034,332.364642,25220.94,0.6,35.921875,50.3,42.15625,962
2026-09-06T01:56:42.582039+00:00,616.37341,backend,278.03877,368.445546,25688.62,0.0,33.28125,11.8,37.453125,962
2026-09-06T01:56:47.597496+00:00,621.378858,backend,256.679712,231.735015,25528.06,4.5,37.546875,25.8,32.609375,958
2026-09-06T01:56:52.593388+00:00,626.384266,backend,252.311477,280.122022,25710.38,0.1,38.1875,13.8,32.765625,954
2026-09-06T01:56:57.594035+00:00,631.389574,backend,358.934547,168.692775,24232.5,0.0,33.734375,24.6,35.15625,950
2026-09-06T01:57:02.605870+00:00,636.394946,backend,152.252043,290.600274,24924.88,0.7,38.171875,9.4,34.984375,946
2026-09-06T01:57:07.638509+00:00,641.396039,backend,305.295783,501.240462,25897.31,0.0,26.984375,13.3,16.53125,944
2026-09-06T01:57:12.618258+00:00,646.397413,backend,206.655709,210.517148,25934.0,3.7,37.203125,40.2,43.78125,941
2026-09-06T01:57:17.632417+00:00,651.402578,backend,275.147028,390.246882,26524.38,0.1,34.328125,19.5,44.546875,944
2026-09-06T01:57:22.622317+00:00,656.408698,backend,314.461984,303.466068,26461.69,7.8,36.59375,26.9,32.078125,936
2026-09-06T01:57:27.664113+00:00,661.423843,backend,369.088275,502.727231,27116.44,0.4,42.34375,10.5,31.859375,931
2026-09-06T01:57:32.647405+00:00,666.429175,backend,287.740017,135.080944,26360.5,0.0,44.640625,20.7,45.75,927
2026-09-06T01:57:37.691331+00:00,671.478517,backend,220.07819,566.831306,28086.38,1.5,41.015625,10.8,27.046875,928
2026-09-06T01:57:42.701787+00:00,676.484189,backend,253.721543,191.532717,27781.12,0.0,37.578125,45.3,42.703125,916
2026-09-06T01:57:47.683509+00:00,681.485313,backend,316.678813,385.225904,28123.5,5.5,41.796875,10.6,41.921875,912
2026-09-06T01:57:52.702959+00:00,686.491463,backend,257.695537,212.35131,27874.5,0.1,37.1875,19.4,35.109375,907
2026-09-06T01:57:57.705968+00:00,691.496917,backend,255.181009,385.791656,28535.38,0.0,39.0,15.6,33.53125,912
2026-09-06T01:58:02.704082+00:00,696.498585,backend,311.180612,168.03147,24834.06,1.0,41.609375,13.0,40.03125,901
2026-09-06T01:58:07.703412+00:00,701.499658,backend,234.902705,424.949413,25763.38,0.0,35.3125,1.3,30.90625,905
2026-09-06T01:58:12.724509+00:00,706.511535,backend,315.198117,401.652119,26199.5,9.5,39.578125,25.6,31.75,910
2026-09-06T01:58:17.771863+00:00,711.517711,backend,191.123298,127.779665,25898.81,0.4,31.625,18.0,45.34375,916
2026-09-06T01:58:22.733272+00:00,716.522688,backend,267.065413,298.740134,26029.56,0.0,37.734375,20.2,33.625,914
2026-09-06T01:58:27.870268+00:00,721.541544,backend,368.248809,431.846478,26373.75,1.2,35.78125,12.5,28.75,911
2026-09-06T01:58:32.815026+00:00,726.55394,backend,308.974623,389.047982,26757.44,0.0,31.703125,19.5,25.328125,918
2026-09-06T01:58:37.759430+00:00,731.559868,backend,309.823293,322.030695,26830.19,6.0,37.046875,26.2,49.375,923
2026-09-06T01:58:42.775975+00:00,736.565435,backend,208.64269,130.529664,26411.5,0.8,37.5,14.6,38.796875,941
2026-09-06T01:58:47.794815+00:00,741.57072,backend,244.57583,329.464218,26828.38,0.0,34.71875,11.7,30.75,940
2026-09-06T01:58:52.959876+00:00,746.752459,backend,198.31663,288.296077,27282.19,3.3,33.828125,17.0,43.71875,935
2026-09-06T01:58:57.975448+00:00,751.757759,backend,297.250554,458.31421,28063.31,4.6,38.15625,12.7,41.15625,940
2026-09-06T01:59:02.964966+00:00,756.762495,backend,206.816622,283.444048,28464.06,0.0,23.03125,11.8,29.71875,945
2026-09-06T01:59:08.044186+00:00,761.76796,backend,316.332324,206.349427,27657.81,1.0,37.453125,19.5,48.84375,954
2026-09-06T01:59:12.980138+00:00,766.771409,backend,419.582461,389.115976,24340.94,0.0,30.65625,14.1,36.359375,948
2026-09-06T01:59:18.016441+00:00,771.794257,backend,268.765599,445.143995,25192.19,11.4,36.71875,45.6,52.15625,946
2026-09-06T01:59:23.025208+00:00,776.795939,backend,320.751488,439.702103,25799.19,0.3,37.6875,13.4,42.53125,946
2026-09-06T01:59:28.012291+00:00,781.800198,backend,291.582875,302.542289,25856.94,0.0,33.65625,9.1,33.046875,942
2026-09-06T01:59:33.008855+00:00,786.803581,backend,319.068522,373.947022,26128.44,10.8,38.140625,48.1,47.4375,947
2026-09-06T01:59:38.029220+00:00,791.808877,backend,302.448382,258.310759,24486.25,0.0,34.84375,16.3,38.765625,941
2026-09-06T01:59:43.088858+00:00,796.824755,backend,319.606939,522.120093,25505.75,15.2,37.796875,23.5,38.640625,945
2026-09-06T01:59:48.067048+00:00,801.827612,backend,205.682482,270.5829,25836.75,0.4,37.53125,10.8,33.734375,940
2026-09-06T01:59:53.111131+00:00,806.839437,backend,345.252197,365.535475,25946.44,0.0,31.015625,22.9,14.234375,947
2026-09-06T01:59:58.064285+00:00,811.859869,backend,244.572466,153.13673,25507.12,2.8,37.359375,19.8,33.546875,947
2026-09-06T02:00:03.096879+00:00,816.869164,backend,205.939028,148.32426,25194.12,0.1,30.828125,20.6,33.578125,950
2026-09-06T02:00:08.101572+00:00,821.874981,backend,383.397721,548.52437,26025.75,0.0,31.671875,15.1,37.328125,948
2026-09-06T02:00:13.083250+00:00,826.878402,backend,248.626758,195.778543,25746.75,0.7,37.4375,16.3,33.203125,947
2026-09-06T02:00:18.094227+00:00,831.887753,backend,305.126248,385.441673,26137.5,0.0,26.140625,46.4,46.828125,950
2026-09-06T02:00:23.115885+00:00,836.900256,backend,276.873264,199.339025,25760.69,7.0,37.609375,17.9,37.15625,948
2026-09-06T02:00:28.150972+00:00,841.905421,backend,330.583507,548.708184,26834.44,0.4,32.359375,9.4,26.984375,944
2026-09-06T02:00:33.165079+00:00,846.936214,backend,272.512297,253.426715,26732.88,0.0,31.65625,15.3,40.03125,938
2026-09-06T02:00:38.145019+00:00,851.944855,backend,325.565526,430.206574,27247.56,3.4,40.3125,17.0,36.984375,937
2026-09-06T02:00:43.193135+00:00,856.964791,backend,297.762723,311.009902,27325.12,0.1,34.6875,10.0,32.515625,932
2026-09-06T02:00:48.178501+00:00,861.970257,backend,282.072911,165.004006,24235.31,1.5,37.640625,21.5,38.609375,926
2026-09-06T02:00:53.300095+00:00,867.083412,backend,342.825908,728.84005,26235.94,0.3,33.765625,6.9,22.984375,921
2026-09-06T02:00:58.287233+00:00,872.087625,backend,292.466022,291.379438,26222.06,0.0,31.046875,25.9,35.359375,918
2026-09-06T02:01:03.318603+00:00,877.094432,backend,166.66685,131.620811,26056.81,0.4,37.5,16.3,46.296875,915
2026-09-06T02:01:08.303381+00:00,882.099717,backend,222.137076,339.453697,26633.0,0.0,37.8125,10.6,40.859375,925
2026-09-06T02:01:13.441688+00:00,887.109259,backend,483.455515,542.976302,26928.0,7.7,37.296875,10.5,18.3125,935
2026-09-06T02:01:18.326804+00:00,892.114535,backend,268.373054,197.017101,26593.06,0.2,32.59375,15.4,27.75,934
2026-09-06T02:01:23.330109+00:00,897.118135,backend,296.505279,361.227431,26897.38,0.0,32.953125,15.9,28.28125,932
2026-09-06T02:01:28.328326+00:00,902.123843,backend,275.963088,161.528101,26313.75,1.0,37.140625,0.0,42.5625,931
2026-09-06T02:01:33.326321+00:00,907.129047,backend,68.088507,0.0,25977.75,0.0,41.546875,0.0,53.78125,932
2026-09-06T02:01:38.333767+00:00,912.134217,backend,119.657529,78.437649,23920.19,8.8,39.5,0.0,44.8125,938
2026-09-06T02:01:43.342439+00:00,917.139622,backend,279.613349,225.309554,23664.81,0.4,39.359375,0.0,27.953125,939
2026-09-06T02:01:48.360460+00:00,922.15022,backend,38.094259,10.000678,23520.88,0.0,41.03125,0.0,20.125,939
2026-09-06T02:01:53.367783+00:00,927.155404,backend,46.729676,0.0,23304.88,5.5,39.8125,0.0,20.140625,929
2026-09-06T02:01:58.359777+00:00,932.159181,interaction,56.832065,40.944068,23229.69,14.5,44.296875,0.4,39.703125,928
2026-09-06T02:02:03.380004+00:00,937.16117,interaction,25.052537,38.397229,23301.75,0.9,67.546875,0.0,35.65625,925
2026-09-06T02:02:08.369776+00:00,942.16678,interaction,47.175191,36.159426,23226.75,0.0,53.375,0.0,18.90625,929
2026-09-06T02:02:13.382806+00:00,947.169244,interaction,97.245827,85.47038,23190.12,0.0,30.09375,0.0,18.703125,926
2026-09-06T02:02:18.385922+00:00,952.175277,interaction,27.878863,39.42743,23211.5,0.0,26.6875,0.0,16.125,939
2026-09-06T02:02:23.401958+00:00,957.178384,interaction,35.065708,47.208162,23287.69,0.0,24.828125,0.0,45.78125,937
2026-09-06T02:02:28.413744+00:00,962.183988,interaction,46.756965,35.510197,23241.44,0.0,18.40625,0.0,23.109375,947
2026-09-06T02:02:33.415956+00:00,967.194065,interaction,28.654752,38.572266,23274.69,19.6,27.046875,0.0,33.015625,950
2026-09-06T02:02:38.409944+00:00,972.19636,interaction,42.036952,43.97981,23302.69,6.7,73.84375,0.0,18.3125,963
2026-09-06T02:02:43.411235+00:00,977.20687,interaction,14.750246,22.402911,23334.94,6.4,66.859375,0.0,14.546875,964
2026-09-06T02:02:48.425112+00:00,982.212807,interaction,15.054,5.843062,23276.19,6.5,60.90625,0.0,14.421875,966
2026-09-06T02:02:53.434841+00:00,987.2233,interaction,44.837157,59.063552,23364.06,3.5,60.203125,0.0,14.46875,968
2026-09-06T02:02:58.440341+00:00,992.225253,interaction,31.156577,22.041388,23298.31,3.3,60.5,0.5,14.34375,968
2026-09-06T02:03:03.456967+00:00,997.233831,interaction,24.657699,19.641305,23284.69,4.5,60.453125,0.2,14.5625,968
2026-09-06T02:03:08.445067+00:00,1002.240412,interaction,66.194125,58.210883,23232.12,2.8,58.921875,0.3,14.53125,971
2026-09-06T02:03:13.466070+00:00,1007.246068,interaction,49.659449,78.748418,23391.19,3.4,56.75,0.5,12.453125,972
2026-09-06T02:03:18.479441+00:00,1012.251633,interaction,38.157527,24.347899,23300.12,3.9,55.96875,0.0,12.6875,971
2026-09-06T02:03:23.460963+00:00,1017.257115,interaction,15.951262,12.024317,23296.31,2.5,53.9375,0.0,12.734375,973
2026-09-06T02:03:28.488328+00:00,1022.263142,interaction,24.177105,19.489006,23281.88,4.5,53.671875,0.0,12.375,977
2026-09-06T02:03:33.474296+00:00,1027.268552,interaction,25.372548,28.057144,23294.31,3.0,53.34375,0.0,12.609375,979
2026-09-06T02:03:38.489267+00:00,1032.273743,interaction,35.023012,40.245714,23295.75,3.0,53.09375,0.0,12.71875,984
2026-09-06T02:03:43.481447+00:00,1037.2805,interaction,4.958924,15.4666,23365.19,2.2,53.15625,0.0,12.75,984
2026-09-06T02:03:48.490773+00:00,1042.286177,interaction,16.643602,16.331456,23366.94,2.6,52.9375,0.0,12.671875,984
2026-09-06T02:03:53.519417+00:00,1047.289391,interaction,4.721965,12.92919,23415.62,4.3,52.625,0.0,12.59375,984
2026-09-06T02:03:58.498618+00:00,1052.294718,interaction,7.395246,0.0,23367.62,2.2,53.09375,0.0,12.515625,985
2026-09-06T02:04:03.517760+00:00,1057.29529,interaction,15.732575,19.997712,23387.62,3.6,52.953125,0.0,12.625,976
2026-09-06T02:04:08.526152+00:00,1062.300796,interaction,13.48515,16.044832,23411.94,2.8,52.390625,0.0,12.5625,975
2026-09-06T02:04:13.509754+00:00,1067.304654,interaction,25.648961,14.538783,23324.69,3.1,52.125,0.0,12.734375,976
2026-09-06T02:04:18.535200+00:00,1072.310279,interaction,7.978524,0.0,23308.69,3.3,51.984375,0.0,12.578125,976
2026-09-06T02:04:23.516667+00:00,1077.312184,interaction,3.426819,5.360457,23311.5,2.5,51.96875,0.0,12.578125,976
2026-09-06T02:04:28.535463+00:00,1082.315796,interaction,10.701644,6.994947,23306.5,3.0,51.96875,0.0,12.546875,979
2026-09-06T02:04:33.526452+00:00,1087.320351,interaction,19.956818,30.297397,23354.12,2.8,52.3125,0.0,12.765625,982
2026-09-06T02:04:38.528502+00:00,1092.321555,interaction,27.43402,29.467905,23333.5,2.7,52.40625,0.0,12.65625,983
2026-09-06T02:04:43.530920+00:00,1097.326989,interaction,49.524307,75.355611,23494.69,3.1,52.03125,0.0,10.140625,986
2026-09-06T02:04:48.541670+00:00,1102.332341,interaction,5.241265,0.0,23470.69,2.7,51.84375,0.0,11.734375,983
2026-09-06T02:04:53.560949+00:00,1107.338793,interaction,7.250019,0.0,23430.69,2.9,52.0625,0.0,12.671875,988
2026-09-06T02:04:58.553080+00:00,1112.344082,interaction,5.509797,0.0,23398.69,2.6,52.328125,0.0,10.703125,986
2026-09-06T02:05:03.594042+00:00,1117.346952,interaction,10.618904,8.207788,23383.75,3.1,52.171875,0.0,12.59375,988
2026-09-06T02:05:08.559561+00:00,1122.35228,interaction,10.78226,20.353312,23405.62,2.5,51.625,0.0,12.59375,992
2026-09-06T02:05:13.566352+00:00,1127.353177,interaction,19.29029,36.755907,23517.44,2.5,51.703125,0.0,12.71875,992
2026-09-06T02:05:18.565301+00:00,1132.354498,interaction,6.83257,0.0,23469.44,3.0,51.6875,0.0,9.421875,995
2026-09-06T02:05:23.585455+00:00,1137.355209,interaction,6.695923,0.0,23453.44,2.5,51.71875,0.0,13.65625,997
2026-09-06T02:05:28.580545+00:00,1142.361121,interaction,8.758394,2.222372,23424.56,3.4,51.78125,0.0,12.625,997
2026-09-06T02:05:33.581071+00:00,1147.366643,interaction,6.087028,15.333067,23477.31,2.9,51.53125,0.0,12.53125,1004
2026-09-06T02:05:38.592930+00:00,1152.36752,interaction,72.487285,18.87169,23203.69,2.4,51.3125,0.0,11.5625,1004
2026-09-06T02:05:43.581329+00:00,1157.37192,interaction,99.015987,100.673903,23219.5,2.7,51.671875,0.0,7.265625,1004
2026-09-06T02:05:48.582187+00:00,1162.377587,interaction,10.016771,39.954713,23347.5,2.6,51.703125,0.0,11.46875,1004
2026-09-06T02:05:53.615147+00:00,1167.383182,interaction,3.555396,0.0,23339.5,3.1,51.484375,0.0,12.59375,1004
2026-09-06T02:05:58.593899+00:00,1172.387658,interaction,6.0602,0.0,23291.5,3.5,51.359375,0.0,10.84375,1001
2026-09-06T02:06:03.611586+00:00,1177.393162,interaction,14.715055,26.75805,23361.44,2.2,54.78125,0.0,13.359375,999
2026-09-06T02:06:08.612417+00:00,1182.398684,interaction,19.746939,29.18027,23403.5,2.9,56.9375,0.0,12.625,1007
2026-09-06T02:06:13.620313+00:00,1187.403572,interaction,6.493652,22.378125,23499.5,2.8,54.1875,0.0,12.5,1008
2026-09-06T02:06:18.638918+00:00,1192.408945,interaction,10.919514,0.0,23443.5,3.8,54.609375,0.0,12.625,1018
2026-09-06T02:06:23.626766+00:00,1197.414684,interaction,9.211304,0.0,23379.5,2.7,55.109375,0.1,12.578125,1009
2026-09-06T02:06:28.645983+00:00,1202.419787,interaction,26.135826,22.302239,23363.12,3.5,54.796875,0.4,12.34375,1010
2026-09-06T02:06:33.643422+00:00,1207.425625,interaction,4.382382,3.695684,23357.62,3.2,54.71875,0.3,12.3125,1010
2026-09-06T02:06:38.636724+00:00,1212.430652,interaction,6.409182,0.0,23349.62,4.0,55.046875,0.3,12.609375,1008
2026-09-06T02:06:43.643582+00:00,1217.435925,interaction,5.032193,6.555586,23366.44,3.4,54.8125,0.0,12.515625,1010
2026-09-06T02:06:48.655663+00:00,1222.438223,interaction,4.81966,7.48406,23371.88,2.1,54.96875,0.0,12.5625,1009
2026-09-06T02:06:53.647062+00:00,1227.439758,interaction,4.970349,3.074056,23355.25,3.9,53.671875,0.0,12.5,1008
2026-09-06T02:06:58.668816+00:00,1232.445659,interaction,4.410419,9.326492,23361.94,3.5,53.40625,0.0,12.53125,1008
2026-09-06T02:07:03.672519+00:00,1237.450059,interaction,6.934522,14.299916,23409.5,4.2,53.21875,0.0,12.578125,1009
2026-09-06T02:07:08.663408+00:00,1242.455353,interaction,3.62741,0.0,23393.5,4.0,53.46875,0.0,12.578125,1010
2026-09-06T02:07:13.679468+00:00,1247.460432,interaction,9.665181,3.833606,23356.69,0.0,56.453125,0.0,12.4375,1009
2026-09-06T02:07:18.713386+00:00,1252.465925,interaction,8.6249,0.0,23324.69,0.0,51.84375,0.0,12.65625,1010
2026-09-06T02:07:23.690229+00:00,1257.471376,interaction,6.752014,0.0,23276.69,0.0,41.171875,0.0,12.609375,1010
2026-09-06T02:07:28.699263+00:00,1262.476079,interaction,6.462671,12.638113,23299.94,0.0,32.484375,0.0,15.0625,1010
2026-09-06T02:07:33.707459+00:00,1267.478108,interaction,4.135822,0.0,23291.94,0.0,30.828125,0.0,12.640625,1008
2026-09-06T02:07:38.703881+00:00,1272.489004,interaction,28.010834,21.640341,23248.38,0.0,29.0,0.0,12.703125,1011
2026-09-06T02:07:43.705810+00:00,1277.497703,interaction,5.871035,9.271369,23270.81,0.0,23.0,0.0,12.8125,1011
2026-09-06T02:07:48.718101+00:00,1282.502435,interaction,4.214762,6.643713,23304.06,0.0,22.84375,0.0,12.796875,1011
2026-09-06T02:07:53.727928+00:00,1287.504865,interaction,17.363437,11.556883,23257.88,0.0,22.734375,0.0,12.609375,1011
2026-09-06T02:07:58.717813+00:00,1292.507003,interaction,29.403048,20.266331,23207.25,1.1,29.40625,0.0,12.421875,1010
2026-09-06T02:08:03.739249+00:00,1297.515996,interaction,6.912568,39.329266,23404.25,1.6,59.390625,0.0,12.59375,1010
2026-09-06T02:08:08.726862+00:00,1302.51697,interaction,11.491511,32.106243,23484.81,1.6,56.15625,0.0,12.453125,1017
2026-09-06T02:08:13.743535+00:00,1307.522426,interaction,6.442969,0.0,23460.81,2.2,56.625,0.0,12.515625,1011
2026-09-06T02:08:18.737368+00:00,1312.527921,interaction,12.317714,0.0,23388.81,1.8,71.484375,0.0,12.421875,1027
2026-09-06T02:08:23.741356+00:00,1317.529168,interaction,3.008624,0.0,23380.81,1.7,70.4375,0.0,12.640625,1012
2026-09-06T02:08:28.750645+00:00,1322.53448,interaction,24.174317,0.0,23244.75,0.0,62.625,0.0,12.5,1020
2026-09-06T02:08:33.744284+00:00,1327.537027,interaction,2.923511,0.0,23236.75,0.2,47.390625,0.0,12.421875,1012
2026-09-06T02:08:38.766517+00:00,1332.54241,interaction,7.660502,1.398494,23195.75,0.0,40.03125,0.0,12.5,1010
2026-09-06T02:08:43.759410+00:00,1337.547707,interaction,2.675291,8.578413,23214.69,0.0,38.21875,0.0,12.640625,1010
2026-09-06T02:08:48.761307+00:00,1342.552988,interaction,6.240284,2.784559,23212.62,0.0,33.421875,0.0,12.625,1010
2026-09-06T02:08:53.763508+00:00,1347.554946,interaction,5.073013,8.88402,23225.06,14.0,79.84375,0.0,12.5625,1010
2026-09-06T02:08:58.779216+00:00,1352.560293,interaction,5.622113,6.96755,23243.94,0.5,72.953125,0.0,12.375,1010
2026-09-06T02:09:03.792111+00:00,1357.564226,interaction,5.964058,21.245787,23326.25,0.0,72.875,0.0,12.421875,1010
2026-09-06T02:09:08.789613+00:00,1362.569217,interaction,13.779994,4.995014,23295.25,0.5,83.984375,0.0,12.625,1011
2026-09-06T02:09:13.802795+00:00,1367.574545,interaction,5.825042,4.070662,23291.62,0.0,69.625,0.0,12.46875,1015
2026-09-06T02:09:18.802453+00:00,1372.578896,interaction,4.995653,1.261402,23257.94,0.0,30.265625,0.0,12.671875,1013
2026-09-06T02:09:23.797519+00:00,1377.580194,interaction,19.529306,38.714951,23347.56,22.2,82.953125,0.4,12.4375,1013
2026-09-06T02:09:28.806245+00:00,1382.581018,interaction,13.800849,6.061501,23305.88,0.0,74.0,0.0,12.515625,1013
2026-09-06T02:09:33.815406+00:00,1387.586468,interaction,3.090381,0.0,23281.88,0.0,34.453125,0.3,12.5,1015
2026-09-06T02:09:38.816352+00:00,1392.588619,interaction,5.38206,0.0,23249.88,10.4,68.859375,0.4,12.4375,1016
2026-09-06T02:09:43.806060+00:00,1397.591035,interaction,6.6218,1.561745,23209.69,8.4,68.0625,0.0,12.5,1019
2026-09-06T02:09:48.810799+00:00,1402.595592,interaction,3.965137,7.230911,23229.88,8.6,69.265625,0.4,12.5625,1019
2026-09-06T02:09:53.815296+00:00,1407.600993,interaction,2.509789,1.985355,23231.81,9.2,67.59375,0.4,12.578125,1021
2026-09-06T02:09:58.816643+00:00,1412.605922,interaction,3.237433,7.13047,23251.5,8.5,67.09375,0.4,12.6875,1021
2026-09-06T02:10:03.810528+00:00,1417.610872,interaction,5.263539,28.334449,23377.31,8.5,64.421875,0.0,12.546875,1023
2026-09-06T02:10:08.820521+00:00,1422.613486,interaction,3.288906,5.372191,23396.19,9.6,64.265625,0.0,12.578125,1023
2026-09-06T02:10:13.824090+00:00,1427.619583,interaction,3.389617,24.707372,23511.88,9.0,64.828125,0.0,12.5625,1021
2026-09-06T02:10:18.858077+00:00,1432.628998,interaction,150.753627,116.006557,23316.56,10.4,64.625,0.0,12.4375,1020
2026-09-06T02:10:23.833315+00:00,1437.631614,interaction,4.403946,4.747516,23324.31,8.4,64.5625,0.0,12.5625,1011
2026-09-06T02:10:28.866665+00:00,1442.636664,interaction,6.256181,0.0,23292.31,7.4,64.53125,0.0,12.53125,1016
2026-09-06T02:10:33.855468+00:00,1447.642078,interaction,3.096647,0.0,23276.31,36.0,72.515625,0.0,14.640625,1016
2026-09-06T02:10:38.854856+00:00,1452.646161,interaction,4.683675,2.49796,23256.81,5.8,70.6875,0.0,12.5625,1016
2026-09-06T02:10:43.863337+00:00,1457.648751,interaction,14.45189,24.24994,23322.12,5.6,69.140625,0.0,12.390625,1016
2026-09-06T02:10:48.858344+00:00,1462.651357,interaction,5.078604,29.684533,23454.62,5.4,60.84375,0.0,12.640625,1016
2026-09-06T02:10:53.924882+00:00,1467.656669,interaction,3.536867,4.907286,23463.19,5.6,60.171875,0.0,12.6875,1034
2026-09-06T02:10:58.887009+00:00,1472.662705,interaction,4.550756,6.267434,23462.56,6.7,59.375,0.0,12.421875,1023
2026-09-06T02:11:03.994909+00:00,1477.667663,interaction,5.756791,0.0,23430.56,5.6,59.59375,0.0,12.65625,1027
2026-09-06T02:11:08.886006+00:00,1482.673428,interaction,15.307351,0.0,23358.56,5.9,59.734375,0.0,12.578125,1026
2026-09-06T02:11:13.887810+00:00,1487.676037,interaction,5.868812,0.0,23334.56,5.1,58.4375,0.0,12.46875,1033
2026-09-06T02:11:18.886013+00:00,1492.677407,interaction,3.439683,0.0,23310.56,5.2,56.953125,0.0,12.53125,1030
2026-09-06T02:11:23.891835+00:00,1497.68279,interaction,5.940478,0.0,23270.56,6.0,56.890625,0.0,12.5,1034
2026-09-06T02:11:28.919783+00:00,1502.68538,recovery,14.836066,42.97774,23421.56,1.1,62.4375,0.0,12.515625,1033
2026-09-06T02:11:33.905649+00:00,1507.690698,recovery,3.630514,0.0,23397.56,0.0,31.984375,0.0,12.53125,1035
2026-09-06T02:11:38.906712+00:00,1512.692672,recovery,5.832072,0.0,23357.56,0.0,30.328125,0.0,10.234375,1034
2026-09-06T02:11:43.926317+00:00,1517.696925,recovery,7.428056,6.919114,23352.19,0.0,34.421875,0.0,12.453125,1032
2026-09-06T02:11:48.925305+00:00,1522.701219,recovery,5.214273,6.90657,23378.75,0.0,31.9375,0.0,12.546875,1028
2026-09-06T02:11:53.943993+00:00,1527.706837,recovery,17.911124,27.156985,23394.69,0.0,25.296875,0.0,12.515625,1034
2026-09-06T02:11:58.938163+00:00,1532.712761,recovery,38.956971,38.541838,23419.62,0.0,24.90625,0.0,12.515625,1031
2026-09-06T02:12:03.943696+00:00,1537.713398,recovery,16.929091,11.21107,23379.69,0.0,24.53125,0.0,12.296875,1031
2026-09-06T02:12:08.940686+00:00,1542.719289,recovery,4.042113,7.179042,23391.62,0.0,24.765625,0.0,12.640625,1031
2026-09-06T02:12:13.960921+00:00,1547.725038,recovery,28.657673,0.936423,23260.31,0.0,24.765625,0.0,12.296875,1032
2026-09-06T02:12:18.949507+00:00,1552.726786,recovery,12.389419,34.762848,23386.19,0.0,24.0,0.0,8.0625,1032
2026-09-06T02:12:23.939296+00:00,1557.731331,recovery,15.189319,0.0,23306.12,0.0,24.0,0.0,7.671875,1033
2026-09-06T02:12:28.958251+00:00,1562.741945,recovery,17.32884,21.753822,23327.12,0.0,24.078125,0.0,9.96875,1032
2026-09-06T02:12:33.985304+00:00,1567.758023,recovery,19.322241,24.29687,23337.0,0.0,23.671875,0.4,12.390625,1034
2026-09-06T02:12:38.995564+00:00,1572.763399,recovery,4.317233,11.587541,23371.0,0.0,23.03125,0.6,12.65625,1030
2026-09-06T02:12:44.129873+00:00,1577.76764,recovery,10.388063,21.85646,23432.38,0.0,23.015625,0.2,12.609375,1029
2026-09-06T02:12:48.997634+00:00,1582.773073,recovery,3.976929,0.0,23424.38,0.0,22.78125,0.0,12.421875,1034
2026-09-06T02:12:54.008617+00:00,1587.778251,recovery,6.103055,0.549431,23403.12,0.0,22.90625,0.0,12.421875,1034
2026-09-06T02:12:59.016823+00:00,1592.788341,recovery,3.018908,0.0,23395.12,0.0,22.71875,0.0,12.609375,1035
2026-09-06T02:13:04.032054+00:00,1597.793879,recovery,5.590683,0.0,23347.12,0.0,17.75,0.0,12.5,1035
2026-09-06T02:13:09.021837+00:00,1602.799535,recovery,27.266032,21.900227,23304.75,0.0,17.734375,0.0,12.53125,1035
2026-09-06T02:13:14.031474+00:00,1607.804875,recovery,8.328605,0.0,23288.75,0.0,17.734375,0.0,12.40625,1036
2026-09-06T02:13:19.040037+00:00,1612.808888,recovery,2.835224,0.0,23272.75,0.0,17.71875,0.0,12.65625,1036
2026-09-06T02:13:24.033420+00:00,1617.813997,recovery,1.473494,0.0,23264.75,0.0,17.734375,0.0,12.5625,1036
2026-09-06T02:13:29.056971+00:00,1622.817771,recovery,6.257777,26.230205,23356.0,0.0,17.453125,0.0,12.515625,1036
2026-09-06T02:13:34.052447+00:00,1627.823402,recovery,3.430512,15.145444,23423.81,0.0,17.203125,0.0,12.625,1033
2026-09-06T02:13:39.054088+00:00,1632.827258,recovery,4.340403,0.0,23399.81,0.0,17.453125,0.0,12.5625,1036
2026-09-06T02:13:44.041571+00:00,1637.832651,recovery,5.771899,0.0,23375.81,0.0,17.453125,0.0,12.5625,1036
2026-09-06T02:13:49.070642+00:00,1642.844092,recovery,5.309725,0.0,23327.81,0.0,17.4375,0.0,12.578125,1037
2026-09-06T02:13:54.069498+00:00,1647.844866,recovery,3.436968,2.162165,23330.62,0.0,17.0625,0.0,12.5625,1037
2026-09-06T02:13:59.077670+00:00,1652.846922,recovery,3.198684,0.0,23314.62,0.0,17.0625,0.0,9.46875,1041
2026-09-06T02:14:04.066391+00:00,1657.851797,recovery,2.347711,23.414671,23415.81,0.0,16.703125,0.0,12.5625,1037
2026-09-06T02:14:09.091849+00:00,1662.853239,recovery,5.18288,0.0,23399.81,0.0,16.71875,0.0,12.515625,1039
2026-09-06T02:14:14.080760+00:00,1667.857471,recovery,4.308853,0.0,23367.81,0.0,17.578125,0.0,12.609375,1043
2026-09-06T02:14:19.069167+00:00,1672.862744,recovery,9.440046,0.0,23327.81,0.0,16.78125,0.0,12.671875,1043
2026-09-06T02:14:24.109440+00:00,1677.863213,recovery,3.809017,0.0,23295.81,0.0,16.71875,0.0,12.5625,1044
2026-09-06T02:14:29.118716+00:00,1682.870221,recovery,4.652853,3.532549,23298.25,0.0,16.71875,0.0,12.421875,1048
2026-09-06T02:14:34.124571+00:00,1687.875714,recovery,2.915547,4.307767,23311.06,0.0,16.4375,0.0,12.625,1048
2026-09-06T02:14:39.099516+00:00,1692.880923,recovery,2.422476,0.0,23295.06,0.0,16.734375,0.0,12.546875,1048
2026-09-06T02:14:44.101686+00:00,1697.884412,recovery,3.990965,0.0,23263.06,0.0,17.140625,0.0,12.59375,1047
2026-09-06T02:14:49.110639+00:00,1702.889987,recovery,5.150507,0.0,23223.06,0.0,16.796875,0.0,12.625,1042
2026-09-06T02:14:54.109940+00:00,1707.8936,recovery,4.615415,17.3,23309.62,0.0,16.671875,0.0,12.4375,1042
2026-09-06T02:14:59.111358+00:00,1712.898934,recovery,16.682202,11.712504,23312.25,0.0,16.75,0.0,12.359375,1042
2026-09-06T02:15:04.126888+00:00,1717.900649,recovery,7.334984,39.911309,23471.88,0.0,16.40625,0.0,12.328125,1042
2026-09-06T02:15:09.124507+00:00,1722.901977,recovery,2.424356,0.0,23447.88,0.0,16.703125,0.0,12.65625,1042
2026-09-06T02:15:14.123029+00:00,1727.906124,recovery,1.37386,0.0,23439.88,0.0,16.71875,0.0,12.609375,1040
2026-09-06T02:15:19.120690+00:00,1732.907329,recovery,2.421291,6.535925,23464.56,0.0,16.546875,0.0,12.59375,1044
2026-09-06T02:15:24.111917+00:00,1737.910939,recovery,3.96901,65.277875,23759.19,0.0,16.703125,0.0,12.546875,1047
2026-09-06T02:15:29.126047+00:00,1742.914615,recovery,44.745228,0.0,23527.19,0.0,17.0625,0.0,12.609375,1047
2026-09-06T02:15:34.133229+00:00,1747.920052,recovery,4.991447,0.636808,23514.38,0.0,16.46875,0.0,12.609375,1045
2026-09-06T02:15:39.126618+00:00,1752.925317,recovery,2.918802,0.0,23506.38,0.0,16.390625,0.0,12.5625,1043
2026-09-06T02:15:44.150338+00:00,1757.930751,recovery,2.896851,0.0,23498.38,0.0,16.40625,0.0,12.5,1042
2026-09-06T02:15:49.163905+00:00,1762.936491,recovery,4.60409,0.0,23458.38,0.0,14.5625,0.4,12.640625,1042
2026-09-06T02:15:54.154018+00:00,1767.938869,recovery,2.595641,0.0,23442.38,0.0,14.59375,0.4,12.640625,1043
2026-09-06T02:15:59.158499+00:00,1772.939517,recovery,2.299702,0.0,23434.38,0.0,14.296875,0.0,8.203125,1044
2026-09-06T02:16:04.151057+00:00,1777.941795,recovery,2.286458,13.793716,23479.38,0.0,14.203125,0.0,8.078125,1044
2026-09-06T02:16:09.156111+00:00,1782.942822,recovery,3.636753,0.0,23471.38,0.0,14.203125,0.0,7.40625,1044
2026-09-06T02:16:14.156048+00:00,1787.947666,recovery,1.673379,0.0,23463.38,0.0,14.21875,0.0,8.890625,1044
2026-09-06T02:16:19.174030+00:00,1792.95325,recovery,3.074691,0.0,23447.38,0.0,14.21875,0.0,8.890625,1046
2026-09-06T02:16:24.161062+00:00,1797.955381,recovery,1.496237,0.0,23447.38,0.0,14.21875,0.0,12.671875,1046
2026-09-06T02:17:13.059741+00:00,1846.860648,recovery,3.357895,6.651891,23596.69,0.0,14.203125,0.0,10.359375,1051
